﻿<?xml version="1.0" encoding="UTF-8"?>
<!--Created:cb85b80c-f585-40ff-8bfc-12ff4d0e34a9-->
<OfficeApp xmlns="http://schemas.microsoft.com/office/appforoffice/1.1" xmlns:xsi="http://www.w3.org/2001/XMLSchema-instance" xsi:type="TaskPaneApp">
  <Id>af8fa5ba-4010-4bcc-9e03-a91ddadf6dd3</Id>
  <Version>1.0.0.0</Version>
  <ProviderName>[Provider name]</ProviderName>
  <DefaultLocale>en-US</DefaultLocale>
  <DisplayName DefaultValue="$projectname$" />
  <Description DefaultValue="$projectname$"/>
  <AppDomains>
    <AppDomain>http://localhost:3000</AppDomain>
  </AppDomains>
  <Hosts>
    <Host Name="Workbook" />
    <Host Name="Presentation" />
    <Host Name="Project" />
    <Host Name="Document" />
  </Hosts>
  <DefaultSettings>
    <SourceLocation DefaultValue="http://localhost:3000/app/app.html" />
  </DefaultSettings>
  <Permissions>ReadWriteDocument</Permissions>
</OfficeApp>
